GROUP,PACKAGE,CLASS,INSTRUCTION_MISSED,INSTRUCTION_COVERED,BRANCH_MISSED,BRANCH_COVERED,LINE_MISSED,LINE_COVERED,COMPLEXITY_MISSED,COMPLEXITY_COVERED,METHOD_MISSED,METHOD_COVERED
BankingApp,com.revature.bank.model,Account,62,75,6,6,21,17,11,6,5,6
BankingApp,com.revature.bank.model,User,122,122,27,13,35,29,26,9,7,8
BankingApp,com.revature.bank.model,Transaction,254,0,30,0,66,0,32,0,17,0
BankingApp,com.revature.bank.exceptions,PasswordMismatchException,0,3,0,0,0,1,0,1,0,1
BankingApp,com.revature.bank.exceptions,InvalidUsernameException,0,3,0,0,0,1,0,1,0,1
BankingApp,com.revature.bank.exceptions,InsufficientBalanceException,0,3,0,0,0,1,0,1,0,1
BankingApp,com.revature.bank.exceptions,AccountNotEmptyException,0,3,0,0,0,1,0,1,0,1
BankingApp,com.revature.bank.exceptions,AccountNotOwnedException,0,3,0,0,0,1,0,1,0,1
BankingApp,com.revature.bank.exceptions,UserNotFoundException,0,3,0,0,0,1,0,1,0,1
BankingApp,com.revature.bank.util,Interactor,1240,439,162,29,286,123,108,21,8,9
BankingApp,com.revature.bank.util,JDBCBank,169,0,32,0,60,0,25,0,3,0
BankingApp,com.revature.bank.util,TransactionComparator,9,0,0,0,2,0,2,0,2,0
BankingApp,com.revature.bank.util,ConnectionUtil,15,69,1,1,6,21,2,2,1,2
BankingApp,com.revature.bank.util,SuperInteractor,1218,0,167,0,303,0,113,0,11,0
BankingApp,com.revature.bank.dao,TransactionOracle,196,262,7,15,51,73,6,14,1,8
BankingApp,com.revature.bank.dao,AccountOracle,162,180,6,14,47,47,5,13,2,6
BankingApp,com.revature.bank.dao,UserOracle,257,233,21,16,67,60,15,14,3,6
BankingApp,com.revature.bank.services,ValidationService,12,402,1,13,4,98,1,18,0,12
BankingApp,com.revature.bank.services,UserService,35,60,0,2,6,14,3,7,3,6
BankingApp,com.revature.bank.services,TransactionService,114,17,1,1,12,7,7,3,6,3
BankingApp,com.revature.bank.services,AccountService,60,36,0,2,8,10,4,5,4,4
